{
 "MW": [
  185.16935999999995,
  202.21219999999997,
  237.41199999999998,
  395.43400000000014,
  585.7320000000002,
  759.5210000000001,
  805.6519999999998
 ],
 "logP": [
  -0.06101999999999923,
  0.6653,
  1.8042999999999998,
  4.1624000000000025,
  6.936760000000007,
  9.079052000000003,
  10.222409999999988
 ],
 "HBD": [
  0.0,
  0.0,
  0.0,
  1.0,
  3.0,
  4.0,
  5.0
 ],
 "HBA": [
  0.0,
  1.0,
  2.0,
  4.0,
  7.0,
  9.0,
  10.0
 ],
 "RotB": [
  0.0,
  0.0,
  1.0,
  5.0,
  12.0,
  22.0,
  24.0
 ],
 "AromRings": [
  0.0,
  1.0,
  1.0,
  2.0,
  4.0,
  5.0,
  5.0
 ],
 "Rings": [
  1.0,
  1.0,
  2.0,
  4.0,
  6.0,
  7.0,
  8.0
 ],
 "TPSA": [
  3.24,
  3.24,
  12.47,
  46.42,
  107.3,
  140.71959999999996,
  157.74
 ],
 "FracCSP3": [
  0.053976608187134505,
  0.07692307692307693,
  0.19230769230769232,
  0.391304347826087,
  0.631578947368421,
  0.75,
  0.8362365591397848
 ],
 "heavy": [
  13.0,
  14.0,
  17.0,
  28.0,
  41.0,
  52.0,
  56.0
 ],
 "fracHalo": [
  0.0,
  0.0,
  0.0,
  0.0,
  0.1111111111111111,
  0.15789473684210525,
  0.17391304347826086
 ],
 "fracO": [
  0.0,
  0.0,
  0.0,
  0.0625,
  0.14814814814814814,
  0.2,
  0.21428571428571427
 ],
 "fracC": [
  0.6176470588235294,
  0.6363636363636364,
  0.6904761904761905,
  0.8,
  0.8984615384615375,
  0.937651515151515,
  0.9523809523809523
 ],
 "nN": [
  0.0,
  1.0,
  1.0,
  3.0,
  5.0,
  6.0,
  7.0
 ]
}