{
 "targets": [
  {
   "name": "5-HT2B (aminergic GPCR)",
   "target_chembl_id": "CHEMBL1833",
   "counts": {
    "unique_molecules": 1829,
    "actives_labeled": 1461,
    "inactives_labeled": 1,
    "ambiguous_4.5_to_6": 367,
    "actives_valid_dedup": 1461,
    "inactives_valid_dedup": 1
   },
   "auc": 0.9945242984257358,
   "active_score_q25_med_q75": [
    0.5249135254988914,
    0.6612391828628175,
    0.7496266696266696
   ],
   "inactive_score_q25_med_q75": [
    0.2054389805580615,
    0.2054389805580615,
    0.2054389805580615
   ],
   "active_median": 0.6612391828628175,
   "inactive_median": 0.2054389805580615,
   "active_mean": 0.6248772674056992,
   "inactive_mean": 0.2054389805580615,
   "external_drug_scores": {
    "metformin": 0.17,
    "aspirin": 0.279,
    "acetaminophen": 0.267,
    "amoxicillin": 0.215,
    "omeprazole": 0.233,
    "ibuprofen": 0.241,
    "caffeine": 0.164,
    "lisinopril": 0.238,
    "metronidazole": 0.179,
    "ciprofloxacin": 0.258,
    "hydrochlorothiazide": 0.178,
    "gabapentin": 0.183
   },
   "external_below_active_median": "12/12"
  },
  {
   "name": "SERT/SLC6A4 (transporter)",
   "target_chembl_id": "CHEMBL228",
   "counts": {
    "unique_molecules": 5352,
    "actives_labeled": 4383,
    "inactives_labeled": 45,
    "ambiguous_4.5_to_6": 924,
    "actives_valid_dedup": 4383,
    "inactives_valid_dedup": 45
   },
   "auc": 0.9463938956067635,
   "active_score_q25_med_q75": [
    0.6523362296808097,
    0.7289264828738513,
    0.7975606732253893
   ],
   "inactive_score_q25_med_q75": [
    0.31250398724082934,
    0.39956221198156683,
    0.4922112743130171
   ],
   "active_median": 0.7289264828738513,
   "inactive_median": 0.39956221198156683,
   "active_mean": 0.7154629445806026,
   "inactive_mean": 0.40620784414957056,
   "external_drug_scores": {
    "metformin": 0.116,
    "aspirin": 0.276,
    "acetaminophen": 0.251,
    "amoxicillin": 0.198,
    "omeprazole": 0.204,
    "ibuprofen": 0.27,
    "caffeine": 0.142,
    "lisinopril": 0.287,
    "metronidazole": 0.192,
    "ciprofloxacin": 0.263,
    "hydrochlorothiazide": 0.258,
    "gabapentin": 0.255
   },
   "external_below_active_median": "12/12"
  },
  {
   "name": "AChE (enzyme)",
   "target_chembl_id": "CHEMBL220",
   "counts": {
    "unique_molecules": 6176,
    "actives_labeled": 3136,
    "inactives_labeled": 470,
    "ambiguous_4.5_to_6": 2570,
    "actives_valid_dedup": 3134,
    "inactives_valid_dedup": 470
   },
   "auc": 0.9193308802563511,
   "active_score_q25_med_q75": [
    0.6324328672735617,
    0.7480541525744474,
    0.8322168818029336
   ],
   "inactive_score_q25_med_q75": [
    0.2524347410246496,
    0.3296952235942068,
    0.4729833592766264
   ],
   "active_median": 0.7480541525744474,
   "inactive_median": 0.3296952235942068,
   "active_mean": 0.7234603710203952,
   "inactive_mean": 0.37409001992499064,
   "external_drug_scores": {
    "metformin": 0.126,
    "aspirin": 0.312,
    "acetaminophen": 0.293,
    "amoxicillin": 0.186,
    "omeprazole": 0.245,
    "ibuprofen": 0.328,
    "caffeine": 0.202,
    "lisinopril": 0.265,
    "metronidazole": 0.237,
    "ciprofloxacin": 0.199,
    "hydrochlorothiazide": 0.232,
    "gabapentin": 0.157
   },
   "external_below_active_median": "12/12"
  },
  {
   "name": "MAO-A (enzyme, fallback)",
   "target_chembl_id": "CHEMBL1951",
   "counts": {
    "unique_molecules": 3192,
    "actives_labeled": 831,
    "inactives_labeled": 653,
    "ambiguous_4.5_to_6": 1708,
    "actives_valid_dedup": 831,
    "inactives_valid_dedup": 653
   },
   "auc": 0.8782274902652388,
   "active_score_q25_med_q75": [
    0.5245971786981939,
    0.6454783267047418,
    0.7296643033688028
   ],
   "inactive_score_q25_med_q75": [
    0.2954016826725405,
    0.36113564932906905,
    0.4477768090671316
   ],
   "active_median": 0.6454783267047418,
   "inactive_median": 0.36113564932906905,
   "active_mean": 0.61705867402754,
   "inactive_mean": 0.3762986086110794,
   "external_drug_scores": {
    "metformin": 0.134,
    "aspirin": 0.236,
    "acetaminophen": 0.417,
    "amoxicillin": 0.194,
    "omeprazole": 0.268,
    "ibuprofen": 0.273,
    "caffeine": 0.397,
    "lisinopril": 0.223,
    "metronidazole": 0.191,
    "ciprofloxacin": 0.175,
    "hydrochlorothiazide": 0.19,
    "gabapentin": 0.146
   },
   "external_below_active_median": "12/12"
  }
 ],
 "herg_reference_auc": 0.894
}