{
 "targets": [
  "hERG_CHEMBL240",
  "5HT2B_CHEMBL1833",
  "Nav15_CHEMBL1980"
 ],
 "bg_stats": {
  "hERG_CHEMBL240": [
   0.22616128769118682,
   0.05455577702765619,
   0.3544628139477236
  ],
  "5HT2B_CHEMBL1833": [
   0.2326096459117087,
   0.05753660826613677,
   0.38522353222814054
  ],
  "Nav15_CHEMBL1980": [
   0.17369778207339304,
   0.03372426574679393,
   0.22176729875023768
  ]
 },
 "rows": {
  "terfenadine": {
   "hERG_CHEMBL240": [
    0.5741407998201477,
    0.8913043478260869,
    1480
   ],
   "5HT2B_CHEMBL1833": [
    0.33028846153846153,
    0.453125,
    1211
   ],
   "Nav15_CHEMBL1980": [
    0.23653472416564153,
    0.2535211267605634,
    257
   ]
  },
  "cisapride": {
   "hERG_CHEMBL240": [
    0.5109397878380397,
    1.0,
    1480
   ],
   "5HT2B_CHEMBL1833": [
    0.4864195770273014,
    1.0,
    1211
   ],
   "Nav15_CHEMBL1980": [
    0.2499061335366716,
    0.25961538461538464,
    257
   ]
  },
  "astemizole": {
   "hERG_CHEMBL240": [
    0.5656264382629467,
    0.7868852459016393,
    1480
   ],
   "5HT2B_CHEMBL1833": [
    0.3733301158301158,
    0.4142857142857143,
    1211
   ],
   "Nav15_CHEMBL1980": [
    0.23774702577660278,
    0.24719101123595505,
    257
   ]
  },
  "thioridazine": {
   "hERG_CHEMBL240": [
    0.36747651500675854,
    0.6842105263157895,
    1480
   ],
   "5HT2B_CHEMBL1833": [
    0.382031534156117,
    0.41379310344827586,
    1211
   ],
   "Nav15_CHEMBL1980": [
    0.1593967608784554,
    0.16304347826086957,
    257
   ]
  },
  "pergolide": {
   "hERG_CHEMBL240": [
    0.19962601604664296,
    0.22077922077922077,
    1482
   ],
   "5HT2B_CHEMBL1833": [
    0.37628806796980396,
    0.4177215189873418,
    1213
   ],
   "Nav15_CHEMBL1980": [
    0.12882714924019797,
    0.13414634146341464,
    258
   ]
  },
  "fenfluramine": {
   "hERG_CHEMBL240": [
    0.32002075512511946,
    0.36363636363636365,
    1482
   ],
   "5HT2B_CHEMBL1833": [
    0.25277983691623424,
    0.3157894736842105,
    1213
   ],
   "Nav15_CHEMBL1980": [
    0.19851504129673145,
    0.23376623376623376,
    258
   ]
  }
 },
 "pairwise_terf_cis": 0.18681318681318682,
 "bg_detail": {
  "hERG_CHEMBL240": [
   [
    "metformin",
    0.1095213287402993,
    0.12280701754385964
   ],
   [
    "aspirin",
    0.2534198731320133,
    0.2777777777777778
   ],
   [
    "acetaminophen",
    0.24082089938055856,
    0.26229508196721313
   ],
   [
    "atorvastatin",
    0.23589310460666854,
    0.2619047619047619
   ],
   [
    "omeprazole",
    0.2427480522341725,
    0.27058823529411763
   ],
   [
    "amoxicillin",
    0.19544771687104776,
    0.22857142857142856
   ],
   [
    "ibuprofen",
    0.2427105176029136,
    0.2926829268292683
   ],
   [
    "caffeine",
    0.1692204399897857,
    0.1896551724137931
   ],
   [
    "lisinopril",
    0.2858606240821802,
    0.313953488372093
   ],
   [
    "warfarin",
    0.2371017225478873,
    0.24561403508771928
   ],
   [
    "furosemide",
    0.2539221740700614,
    0.2625
   ],
   [
    "hydrochlorothiazide",
    0.16899514765420337,
    0.17543859649122806
   ],
   [
    "metoprolol",
    0.3544628139477236,
    0.4098360655737705
   ],
   [
    "amlodipine",
    0.21744673490090727,
    0.2318840579710145
   ],
   [
    "simvastatin",
    0.15782710534071695,
    0.16666666666666666
   ],
   [
    "gabapentin",
    0.14687768652346828,
    0.16666666666666666
   ],
   [
    "sertraline",
    0.23788208966175067,
    0.2542372881355932
   ],
   [
    "ciprofloxacin",
    0.23738938043924424,
    0.25316455696202533
   ],
   [
    "prednisone",
    0.19203864994287562,
    0.1978021978021978
   ],
   [
    "levothyroxine",
    0.1872243023778215,
    0.20270270270270271
   ],
   [
    "diazepam",
    0.2853391961386351,
    0.3333333333333333
   ],
   [
    "ranitidine",
    0.17204396073410158,
    0.18309859154929578
   ],
   [
    "loratadine",
    0.3172171937578391,
    0.32098765432098764
   ],
   [
    "naproxen",
    0.26890925817883554,
    0.2786885245901639
   ],
   [
    "clopidogrel",
    0.24371221942395938,
    0.3055555555555556
   ]
  ],
  "5HT2B_CHEMBL1833": [
   [
    "metformin",
    0.16979062816360196,
    0.17777777777777778
   ],
   [
    "aspirin",
    0.23203323769826234,
    0.2777777777777778
   ],
   [
    "acetaminophen",
    0.26378226983419467,
    0.32608695652173914
   ],
   [
    "atorvastatin",
    0.21897127111205061,
    0.23376623376623376
   ],
   [
    "omeprazole",
    0.23279085672813238,
    0.25757575757575757
   ],
   [
    "amoxicillin",
    0.2147547974413646,
    0.22857142857142856
   ],
   [
    "ibuprofen",
    0.23814234101511803,
    0.3023255813953488
   ],
   [
    "caffeine",
    0.16340723264044257,
    0.16923076923076924
   ],
   [
    "lisinopril",
    0.23760708849749945,
    0.2638888888888889
   ],
   [
    "warfarin",
    0.2531746370587724,
    0.26865671641791045
   ],
   [
    "furosemide",
    0.22008103160888867,
    0.24193548387096775
   ],
   [
    "hydrochlorothiazide",
    0.17765735267926713,
    0.19047619047619047
   ],
   [
    "metoprolol",
    0.38522353222814054,
    0.4489795918367347
   ],
   [
    "amlodipine",
    0.2223589776630467,
    0.24096385542168675
   ],
   [
    "simvastatin",
    0.1508939918554237,
    0.16129032258064516
   ],
   [
    "gabapentin",
    0.1830569529608651,
    0.2127659574468085
   ],
   [
    "sertraline",
    0.2881110823034598,
    0.2982456140350877
   ],
   [
    "ciprofloxacin",
    0.2575326829058172,
    0.26865671641791045
   ],
   [
    "prednisone",
    0.16546221017765733,
    0.1728395061728395
   ],
   [
    "levothyroxine",
    0.22177578218403113,
    0.2549019607843137
   ],
   [
    "diazepam",
    0.27603275453579934,
    0.29310344827586204
   ],
   [
    "ranitidine",
    0.14586369389562073,
    0.1527777777777778
   ],
   [
    "loratadine",
    0.3562652039735265,
    0.5789473684210527
   ],
   [
    "naproxen",
    0.2861247947454844,
    0.3333333333333333
   ],
   [
    "clopidogrel",
    0.25434674388625056,
    0.2608695652173913
   ]
  ],